content_slug,tag_slug,created_at
getting-started-with-dioxus-0-7,dioxus,2024-01-01 00:00:00
getting-started-with-dioxus-0-7,web-development,2024-01-01 00:00:00
getting-started-with-dioxus-0-7,technology,2024-01-01 00:00:00
building-modern-web-apps-with-rust-and-dioxus,rust,2024-01-01 00:00:00
building-modern-web-apps-with-rust-and-dioxus,dioxus,2024-01-01 00:00:00
building-modern-web-apps-with-rust-and-dioxus,web-development,2024-01-01 00:00:00
understanding-signals-in-dioxus,dioxus,2024-01-01 00:00:00
understanding-signals-in-dioxus,programming,2024-01-01 00:00:00
introduction-to-rust-ownership,rust,2024-01-01 00:00:00
introduction-to-rust-ownership,programming,2024-01-01 00:00:00
introduction-to-rust-ownership,technology,2024-01-01 00:00:00
rust-vs-python-comparison-web-development,rust,2024-01-01 00:00:00
rust-vs-python-comparison-web-development,python,2024-01-01 00:00:00
rust-vs-python-comparison-web-development,web-development,2024-01-01 00:00:00
advanced-dioxus-patterns,dioxus,2024-01-01 00:00:00
advanced-dioxus-patterns,programming,2024-01-01 00:00:00
building-fullstack-app-dioxus-supabase,dioxus,2024-01-01 00:00:00
building-fullstack-app-dioxus-supabase,web-development,2024-01-01 00:00:00
ai-ethics-modern-software-development,ai-machine-learning,2024-01-01 00:00:00
ai-ethics-modern-software-development,technology,2024-01-01 00:00:00
the-future-of-web-development,web-development,2024-01-01 00:00:00
the-future-of-web-development,technology,2024-01-01 00:00:00
effective-rust-programming-patterns,rust,2024-01-01 00:00:00
effective-rust-programming-patterns,programming,2024-01-01 00:00:00
